Date,Revenue,Orders,Traffic,Conversion_Rate,Marketing_Cost,Refunds,Average_Order_Value,Profit
2026-04-01,696656.58,472,14210,3.33,54454.47,17676.65,1475.97,624525.46
2026-04-02,584701.95,383,12663,3.03,44319.02,18027.93,1526.64,522355.0
2026-04-03,504152.14,349,11703,2.99,43557.25,16470.43,1444.56,444124.45
2026-04-04,546871.84,372,11285,3.3,42111.5,13758.07,1470.09,491002.27
2026-04-05,488402.87,329,10427,3.16,33177.29,11129.3,1484.51,444096.28
2026-04-06,563395.96,394,11813,3.34,42609.31,20675.85,1429.94,500110.8
2026-04-07,713067.86,488,14819,3.29,52211.61,28300.27,1461.2,632555.98
2026-04-08,667289.63,460,14459,3.19,50882.55,20361.54,1450.63,596045.53
2026-04-09,545581.43,375,12381,3.03,49114.62,12784.93,1454.88,483681.88
2026-04-10,474213.44,336,11625,2.9,40377.26,12066.9,1411.35,421769.28
2026-04-11,446977.46,308,9929,3.11,38641.02,9103.95,1451.23,399232.49
2026-04-12,510315.37,346,10264,3.37,39310.38,19537.92,1474.9,451467.07
2026-04-13,601410.09,395,12194,3.24,48503.35,13444.54,1522.56,539462.2
2026-04-14,516797.42,345,11697,2.95,51130.14,16294.79,1497.96,449372.49
2026-04-15,612160.04,393,12173,3.23,52741.68,15598.51,1557.66,543819.84
2026-04-16,568887.95,403,12302,3.28,46612.67,17683.06,1411.63,504592.22
2026-04-17,471982.67,316,10461,3.02,40703.67,15588.84,1493.62,415690.16
2026-04-18,491739.31,337,10460,3.23,37311.33,17995.12,1459.17,436432.86
2026-04-19,497477.36,319,9951,3.21,40767.22,12003.35,1559.49,444706.8
2026-04-20,453886.4,322,10870,2.97,43737.05,9177.55,1409.59,400971.81
2026-04-21,677254.69,481,14717,3.27,51248.64,15399.22,1408.01,610606.83
2026-04-22,636173.6,448,13548,3.31,58717.48,24174.83,1420.03,553281.29
2026-04-23,588586.68,438,12839,3.42,50712.17,22058.93,1343.81,515815.57
2026-04-24,492604.44,346,10153,3.41,41156.87,15737.86,1423.71,435709.71
2026-04-25,406668.49,288,9873,2.92,41495.88,13017.6,1412.04,352155.01
2026-04-26,467863.82,321,10671,3.01,38641.98,15580.21,1457.52,413641.63
2026-04-27,535487.05,365,11079,3.3,38885.63,12587.92,1467.09,484013.5
2026-04-28,699345.27,453,13743,3.3,46898.43,26776.7,1543.81,625670.14
2026-04-29,652919.24,436,13204,3.3,45147.64,18526.85,1497.52,589244.75
2026-04-30,706313.94,497,12532,3.97,46805.54,19538.6,1421.15,639969.8
2026-05-01,500208.22,356,10769,3.31,42122.94,15195.5,1405.08,442889.77
2026-05-02,580990.81,394,11510,3.43,42713.07,12165.55,1474.6,526112.19
2026-05-03,495467.83,358,10583,3.39,40588.4,11557.12,1383.99,443322.31
2026-05-04,571923.56,371,11154,3.33,44342.7,19880.45,1541.57,507700.41
2026-05-05,668474.6,443,14143,3.14,53057.38,14476.47,1508.97,600940.75
2026-05-06,603426.93,423,12635,3.35,43977.29,19347.7,1426.54,540101.94
2026-05-07,537551.25,394,12959,3.05,48681.56,13388.78,1364.34,475480.91
2026-05-08,465931.94,307,9753,3.15,44233.37,12946.34,1517.69,408752.23
2026-05-09,417394.9,289,9338,3.1,34632.16,10757.88,1444.27,372004.86
2026-05-10,521602.33,345,10732,3.22,42751.5,14142.44,1511.89,464708.39
2026-05-11,631698.44,461,12591,3.66,46015.49,21718.37,1370.28,563964.58
2026-05-12,543871.97,383,13560,2.83,48885.39,14109.36,1420.03,480877.22
2026-05-13,659869.29,455,13649,3.34,53756.72,20672.45,1450.26,585440.13
2026-05-14,522845.65,360,12524,2.88,55184.14,15434.93,1452.35,452226.58
2026-05-15,448233.97,314,10113,3.11,42581.37,14914.28,1427.5,390738.32
2026-05-16,320593.29250000004,216,9753,3.42,39055.0,19105.68,1481.14,262432.61250000005
2026-05-17,459487.64,329,10267,3.21,38506.17,15921.91,1396.62,405059.57
2026-05-18,552623.43,383,12846,2.98,42450.47,13428.09,1442.88,496744.88
2026-05-19,610070.19,419,13714,3.06,53060.5,12581.88,1456.01,544427.81
2026-05-20,596191.66,404,12138,3.34,48636.93,15051.03,1475.72,532503.71
2026-05-21,591261.14,398,13057,3.05,48157.39,18862.15,1485.58,524241.6
2026-05-22,493393.83,354,10931,3.24,40731.57,10375.34,1393.77,442286.92
2026-05-23,429841.11,313,9783,3.21,39646.04,12863.99,1373.29,377331.08
2026-05-24,511692.74,338,11025,3.07,40606.23,16341.86,1513.88,454744.65
2026-05-25,681976.3,465,12825,3.63,48112.62,18198.45,1466.62,615665.23
2026-05-26,668148.29,473,14240,3.33,48567.88,23664.64,1412.58,595915.78
2026-05-27,552975.85,362,12985,2.79,50652.74,12238.44,1527.56,490084.67
2026-05-28,589592.41,405,12518,3.24,44801.32,12677.86,1455.78,532113.23
2026-05-29,529646.67,351,11467,3.07,40825.15,18306.59,1508.96,470514.93
2026-05-30,533388.96,367,10911,3.37,39385.61,15953.57,1453.38,478049.78
2026-05-31,482994.63,311,10254,3.04,41727.28,16309.79,1553.04,424957.57
2026-06-01,578200.41,376,11851,3.18,42233.5,16592.36,1537.77,519374.55
2026-06-02,587958.68,409,12418,3.3,53192.13,14656.66,1437.55,520109.9
2026-06-03,638394.46,426,12658,3.37,56242.42,23226.1,1498.58,558925.95
2026-06-04,589942.98,398,13473,2.96,49249.74,21231.06,1482.27,519462.18
2026-06-05,581559.29,383,12233,3.13,47335.23,19711.33,1518.43,514512.73
2026-06-06,442954.21,316,10196,3.11,36437.34,11270.04,1401.75,395246.82
2026-06-07,513568.69,346,11301,3.07,36426.57,16333.85,1484.3,460808.26
2026-06-08,655273.65,436,12289,3.55,39663.84,17836.21,1502.92,597773.61
2026-06-09,572066.47,420,12831,3.28,55291.84,12489.15,1362.06,504285.48
2026-06-10,577197.39,415,14086,2.95,53830.94,22133.37,1390.84,501233.08
2026-06-11,641666.27,476,14091,3.38,47751.11,14589.16,1348.04,579326.0
2026-06-12,581794.51,405,11192,3.62,42856.53,22692.75,1436.53,516245.24
2026-06-13,572062.69,385,11314,3.41,35536.54,16544.12,1485.88,519982.03
2026-06-14,385854.82,253,8743,2.9,46199.42,9145.78,1525.12,330509.61
2026-06-15,569852.26,392,12658,3.1,45387.66,17573.11,1453.7,506891.48
2026-06-16,712115.31,465,13485,3.45,50644.03,26675.07,1531.43,634796.21
2026-06-17,568969.91,412,13481,3.06,54076.47,19711.68,1380.99,495181.76
2026-06-18,575958.63,422,12859,3.29,49465.66,20810.09,1364.83,505682.88
2026-06-19,471794.57,326,9732,3.35,42699.22,15652.1,1447.22,413443.25
2026-06-20,446637.79,304,16656,1.81,36394.61,15116.69,1469.2,395126.49
2026-06-21,499686.02,345,10845,3.19,40971.17,18480.34,1448.37,440234.5
2026-06-22,452466.97,336,13182,2.55,50646.07,11308.67,1346.63,390512.23
2026-06-23,559425.53,387,12944,3.0,54786.97,16664.45,1445.54,487974.11
2026-06-24,566373.6,409,13013,3.15,57059.28,13833.22,1384.78,495481.1
2026-06-25,539988.04,364,12353,2.95,46295.25,21466.34,1483.48,472226.45
2026-06-26,615230.23,419,11904,3.53,39295.69,23920.88,1468.33,552013.66
2026-06-27,427916.83,305,10470,2.91,38097.06,8895.76,1403.01,380924.01
2026-06-28,452929.52,318,10219,3.11,39870.21,15450.11,1424.31,397609.2
2026-06-29,558815.73,400,12411,3.23,48282.57,21517.18,1397.04,489015.97
2026-06-30,680027.04,470,13494,3.49,44604.52,16056.46,1446.87,619366.06
2026-07-01,638044.53,426,14643,2.91,56840.45,20008.38,1497.76,561195.7
2026-07-02,585498.33,418,12183,3.43,47423.84,22430.3,1400.71,515644.18
2026-07-03,517796.02,351,10974,3.2,40873.99,10707.46,1475.2,466214.57
2026-07-04,425622.65,299,9977,3.0,35826.95,14449.21,1423.49,375346.49
2026-07-05,442851.9,314,9559,3.29,35340.29,11490.67,1410.36,396020.94
2026-07-06,572080.8,396,12237,3.24,47469.51,22018.2,1444.65,502593.08
2026-07-07,587259.91,420,13641,3.08,50523.11,23150.47,1398.24,513586.33
2026-07-08,628664.35,442,13760,3.21,47144.95,24445.82,1422.32,557073.58
2026-07-09,544921.59,392,12581,3.12,43790.62,16066.62,1390.11,485064.35
2026-07-10,506273.26,327,10160,3.22,41129.49,18854.05,1548.24,446289.72
2026-07-11,480533.61,331,9958,3.33,42694.07,17727.36,1451.76,420112.18
2026-07-12,515065.0,364,10351,3.52,39035.19,13588.45,1415.01,462441.35
2026-07-13,489334.16,335,11358,2.95,40490.57,17899.02,1460.7,430944.58
2026-07-14,694748.51,481,13263,3.63,49453.67,14409.19,1444.38,630885.65
2026-07-15,569824.8,396,14125,2.81,50642.94,18191.88,1438.95,500989.97
2026-07-16,675203.0,456,14388,3.17,39311.49,16610.11,1480.71,619281.39
2026-07-17,559441.14,376,11350,3.32,41919.0,12537.82,1487.88,504984.32
2026-07-18,482558.01,339,10421,3.26,37827.75,10393.85,1423.47,434336.41
2026-07-19,460471.74,324,10540,3.08,41566.31,15621.86,1421.21,403283.57
2026-07-20,261397.5,182,10465,1.74,50546.87,12700.99,1436.25,198149.64
2026-07-21,553985.14,415,13384,3.1,54053.41,19109.9,1334.9,480821.82
2026-07-22,584052.19,425,13810,3.08,50656.13,12444.47,1374.24,520951.58
2026-07-23,760690.2,501,14880,3.37,44393.09,20010.57,1518.34,696286.54
2026-07-24,554673.92,362,11075,3.27,49288.92,17078.31,1532.25,488306.68
2026-07-25,458577.88,319,10451,3.06,38570.91,16423.72,1437.55,403583.24
2026-07-26,527941.54,357,10568,3.38,39759.52,13924.48,1478.83,474257.53
2026-07-27,527602.5,360,11065,3.26,44927.62,17156.49,1465.56,465518.39
2026-07-28,777912.86,485,14429,3.36,50941.31,29342.53,1603.94,697629.02
2026-07-29,722869.8,480,14444,3.33,51084.35,23361.17,1505.98,648424.28
2026-07-30,588990.48,408,13455,3.03,46095.72,14524.03,1443.6,528370.73
2026-07-31,455722.47,325,10539,3.09,40537.48,9336.85,1402.22,405848.14
2026-08-01,513629.13,375,11203,3.35,38335.35,19210.75,1369.68,456083.04
2026-08-02,465795.24,319,9603,3.32,38283.55,9514.05,1460.17,417997.64
2026-08-03,562048.62,398,12469,3.2,42861.46,21073.47,1412.18,498113.69
2026-08-04,682549.22,495,15365,3.22,50634.1,20871.5,1378.89,611043.63
2026-08-05,628028.41,443,12847,3.46,50703.97,24355.79,1417.67,552968.65
2026-08-06,529054.67,379,12298,3.08,52734.35,19033.09,1395.92,457287.23
2026-08-07,572315.19,373,11294,3.31,34635.97,22868.96,1534.36,514810.26
2026-08-08,466153.58,312,9901,3.16,41214.89,12592.78,1494.08,412345.9
2026-08-09,433430.81,299,9498,3.16,43022.49,15319.08,1449.6,375089.24
2026-08-10,627886.85,412,12055,3.42,38779.83,17605.08,1524.0,571501.94
2026-08-11,609170.87,419,12458,3.37,49128.73,18029.94,1453.87,542012.19
2026-08-12,671108.37,477,14189,3.36,50303.48,21844.65,1406.94,598960.24
2026-08-13,633354.82,415,11998,3.46,43431.37,23734.05,1526.16,566189.41
2026-08-14,584870.42,396,12378,3.2,39889.7,60342.44,1476.95,484638.2800000001
2026-08-15,451598.47,323,9710,3.34,35574.74,15970.99,1398.14,400052.74
2026-08-16,468157.0,325,10365,3.14,44362.96,13274.75,1440.48,410519.29
2026-08-17,580768.48,413,12651,3.26,47807.04,16509.59,1406.22,516451.86
2026-08-18,538535.41,390,12307,3.17,54539.39,18714.99,1380.86,465281.02
2026-08-19,671842.69,449,13963,3.22,54062.39,16645.27,1496.31,601135.03
2026-08-20,712462.05,461,13895,3.32,44321.12,15823.41,1545.47,652317.53
2026-08-21,419541.77,304,10017,3.04,40600.14,11366.41,1380.07,367575.23
2026-08-22,554305.67,375,10371,3.62,39672.66,14270.48,1478.15,500362.53
2026-08-23,457842.12,323,10776,3.0,36486.23,11870.09,1417.47,409485.81
2026-08-24,531765.11,373,12625,2.96,47139.0,13119.79,1425.64,471506.33
2026-08-25,599400.49,422,12302,3.43,49471.83,12492.62,1420.38,537436.03
2026-08-26,592262.99,421,12544,3.36,50291.86,12056.98,1406.8,529914.15
2026-08-27,637615.05,439,13226,3.32,50200.41,25348.03,1452.43,562066.61
2026-08-28,535211.95,380,11441,3.33,43317.33,15283.22,1408.45,476611.39
2026-08-29,487353.11,333,10416,3.2,37494.7,13493.12,1463.52,436365.29
2026-08-30,473328.61,327,10837,3.02,42792.75,15900.5,1447.49,414635.36
2026-08-31,529203.36,368,11456,3.22,41756.81,12894.08,1438.05,474552.47
2026-09-01,585727.3,417,13615,3.06,52341.87,22842.91,1404.62,510542.52
2026-09-02,676472.84,476,14024,3.4,53620.27,24168.28,1421.16,598684.29
2026-09-03,572791.28,385,12172,3.17,46939.64,12480.1,1487.77,513371.54
2026-09-04,563467.52,382,12614,3.03,42986.01,15975.21,1475.05,504506.3
2026-09-05,463771.46,331,10569,3.14,35214.78,17429.63,1401.12,411127.05
2026-09-06,465589.32,320,9751,3.28,42169.62,18108.93,1454.97,405310.76
2026-09-07,574201.77,386,12525,3.09,44445.29,16851.69,1487.57,512904.79
2026-09-08,519281.3,380,12536,3.04,84919.26,16756.29,1366.53,417605.75
2026-09-09,694268.96,470,14477,3.25,55188.01,16204.71,1477.17,622876.25
2026-09-10,633340.36,447,13768,3.25,45678.16,25221.75,1416.87,562440.45
2026-09-11,484957.82,328,10605,3.1,38120.9,11946.18,1478.53,434890.74
2026-09-12,477200.92,338,10903,3.11,34432.27,18541.47,1411.84,424227.18
2026-09-13,479993.83,353,10884,3.25,41327.46,15836.4,1359.76,422829.97
2026-09-14,503653.22,368,12658,2.91,41158.71,16194.84,1368.62,446299.67
2026-09-15,639057.87,440,15103,2.92,56159.12,19333.91,1452.4,563564.83
2026-09-16,604213.27,413,13530,3.06,44421.6,14871.74,1462.99,544919.93
2026-09-17,538032.34,383,12139,3.16,53349.31,12660.2,1404.78,472022.82
2026-09-18,509783.79,344,10554,3.26,42663.14,12443.68,1481.93,454676.97
2026-09-19,462020.31,338,9688,3.5,38171.53,10963.17,1366.92,412885.61
2026-09-20,513577.08,355,10538,3.37,38279.6,18279.08,1446.7,457018.41
2026-09-21,539106.29,388,12273,3.17,46197.41,14557.22,1389.45,478351.66
2026-09-22,617989.97,436,13655,3.2,50151.22,13074.72,1417.41,554764.03
2026-09-23,315164.29,217,14513,3.0,55374.71,24880.83,1452.37,234908.75
2026-09-24,574047.57,408,12792,3.2,48293.7,21627.65,1406.98,504126.21
2026-09-25,552278.08,386,12306,3.14,42492.84,21293.11,1430.77,488492.13
2026-09-26,492103.2,328,10064,3.26,37487.92,19634.01,1500.31,434981.27
2026-09-27,538617.9,379,12514,3.03,39571.84,12645.62,1421.16,486400.44
